question_code,response_code,du_average,calibration_run
q13,1,0.005392525577917695,1
q13,2,0.00588727998547256,1
q13,3,0.006295901956036687,1
q13,4,0.006802117102779448,1
q13,5,0.010470615467056632,1
q13,6,0.010871503502130508,1
q52,1,0.0024672111321706325,1
q52,2,0.0018264463869854808,1
q52,3,0.004668226407375187,1
q52,4,0.007758606458082795,1
theta,NA,-0.08872302649979247,1
q13,1,0.0028188240248709917,2
q13,2,0.003645244287326932,2
q13,3,0.00426257133949548,2
q13,4,0.004862315603531897,2
q13,5,0.007985625881701708,2
q13,6,0.008440729696303606,2
q52,1,0.003230355607229285,2
q52,2,0.0022671865299344063,2
q52,3,0.006809321115724742,2
q52,4,0.008130453526973724,2
theta,NA,-0.08575635865781805,2
q13,1,0.006249231053516269,3
q13,2,0.007369867758825421,3
q13,3,0.007736530271358788,3
q13,4,0.00811744068050757,3
q13,5,0.010941650718450546,3
q13,6,0.01155722513794899,3
q52,1,0.004454708163052601,3
q52,2,0.0028242479311302304,3
q52,3,0.006342215812765062,3
q52,4,0.007848223438486457,3
theta,NA,-0.09199025911220815,3
q13,1,0.00374834262765944,4
q13,2,0.0042270582634955645,4
q13,3,0.00480240338947624,4
q13,4,0.00513165513984859,4
q13,5,0.00833126762881875,4
q13,6,0.00858602998778224,4
q52,1,0.0020182799198664725,4
q52,2,0.0014035306521691382,4
q52,3,0.005678490619175136,4
q52,4,0.00773638254031539,4
theta,NA,-0.08524900630436605,4
q13,1,0.00498028052970767,5
q13,2,0.005996402644086629,5
q13,3,0.00659942755009979,5
q13,4,0.006888398842420429,5
q13,5,0.01034157257527113,5
q13,6,0.010588099248707294,5
q52,1,0.004133041496970691,5
q52,2,0.0025830029044300318,5
q52,3,0.006939148879610002,5
q52,4,0.008910208009183407,5
theta,NA,-0.09016799235541839,5
q13,1,0.0037316428497433662,6
q13,2,0.004031745309475809,6
q13,3,0.004365638364106417,6
q13,4,0.004646147834137082,6
q13,5,0.007795901736244559,6
q13,6,0.007969479309394956,6
q52,1,0.0025645469431765378,6
q52,2,0.0018770569004118443,6
q52,3,0.006242127972654998,6
q52,4,0.007139533990994096,6
theta,NA,-0.08526657551556127,6
q13,1,0.006196040892973542,7
q13,2,0.00763282785192132,7
q13,3,0.008223612967412919,7
q13,4,0.00839492678642273,7
q13,5,0.011213390855118632,7
q13,6,0.011261267587542534,7
q52,1,0.0019169191655237228,7
q52,2,0.0012112089898437262,7
q52,3,0.005601476295851171,7
q52,4,0.006554195191711187,7
theta,NA,-0.0867942652948841,7
q13,1,0.004041638225317001,8
q13,2,0.005084455944597721,8
q13,3,0.005856110015884042,8
q13,4,0.006340338266454637,8
q13,5,0.00980868237093091,8
q13,6,0.010179219068959355,8
q52,1,0.0043869757537322585,8
q52,2,0.0024241750361397862,8
q52,3,0.006998452125117183,8
q52,4,0.008378492668271065,8
theta,NA,-0.0893631121944054,8
q13,1,0.004144858568906784,9
q13,2,0.00488468399271369,9
q13,3,0.004746675374917686,9
q13,4,0.005703214614186436,9
q13,5,0.008954823482781649,9
q13,6,0.009221514221280813,9
q52,1,0.0038970096902630758,9
q52,2,0.0023662945022806525,9
q52,3,0.006273544044233859,9
q52,4,0.007476398954167962,9
theta,NA,-0.08814265367254848,9
q13,1,0.003814609255641699,10
q13,2,0.004490712773986161,10
q13,3,0.005772733362391591,10
q13,4,0.00576233328320086,10
q13,5,0.009219243191182613,10
q13,6,0.009377195267006755,10
q52,1,0.002483951859176159,10
q52,2,0.0016716005047783256,10
q52,3,0.005843604914844036,10
q52,4,0.008619798114523292,10
theta,NA,-0.08750035354751162,10
q13,1,0.005073840031400323,11
q13,2,0.005388221004977822,11
q13,3,0.0065361898159608245,11
q13,4,0.006740436656400561,11
q13,5,0.009962149197235703,11
q13,6,0.0103042081464082,11
q52,1,0.003303596044133883,11
q52,2,0.0020580656128004193,11
q52,3,0.005181509535759687,11
q52,4,0.0072521367110311985,11
theta,NA,-0.08851109986426309,11
q13,1,0.003167639020830393,12
q13,2,0.0041547357104718685,12
q13,3,0.005166788003407419,12
q13,4,0.00542150839464739,12
q13,5,0.00861566374078393,12
q13,6,0.009009990841150284,12
q52,1,0.003005562277394347,12
q52,2,0.0020176773541606963,12
q52,3,0.0061978797893971205,12
q52,4,0.0077506976667791605,12
theta,NA,-0.08748228053809726,12
q13,1,0.0040884611662477255,13
q13,2,0.0048618175205774605,13
q13,3,0.005555549520067871,13
q13,4,0.005622734781354666,13
q13,5,0.009094669949263334,13
q13,6,0.009419533424079418,13
q52,1,0.0031461825856240466,13
q52,2,0.0022409725352190435,13
q52,3,0.0054740391205996275,13
q52,4,0.008061239728704095,13
theta,NA,-0.08734666463715257,13
q13,1,0.003937101224437356,14
q13,2,0.004544273891951889,14
q13,3,0.004738508025184274,14
q13,4,0.005135635670740157,14
q13,5,0.007821997860446572,14
q13,6,0.008589797420427203,14
q52,1,0.0022560313664143905,14
q52,2,0.0015191282727755606,14
q52,3,0.005012845271266997,14
q52,4,0.006074374541640282,14
theta,NA,-0.08621058081916999,14
q13,1,0.0038106460124254227,15
q13,2,0.004990865883883089,15
q13,3,0.005151443532668054,15
q13,4,0.006023785623256117,15
q13,5,0.00945339654572308,15
q13,6,0.00946863368153572,15
q52,1,0.002327973532374017,15
q52,2,0.0013252797070890665,15
q52,3,0.0048083936562761664,15
q52,4,0.006478394381701946,15
theta,NA,-0.08711414062418044,15
q13,1,0.004387946333736181,16
q13,2,0.005018217605538666,16
q13,3,0.006152918213047087,16
q13,4,0.0063363839872181416,16
q13,5,0.010008375626057386,16
q13,6,0.010479569667950273,16
q52,1,0.0032093205154524185,16
q52,2,0.0018545055645518005,16
q52,3,0.0053225921001285315,16
q52,4,0.007945699384436011,16
theta,NA,-0.0892209587036632,16
q13,1,0.005470138508826494,17
q13,2,0.006242039380595088,17
q13,3,0.006894735270179808,17
q13,4,0.007352030777838081,17
q13,5,0.01069378829561174,17
q13,6,0.011017012875527143,17
q52,1,0.0019206458673579618,17
q52,2,0.0013981656229589134,17
q52,3,0.0040076482109725475,17
q52,4,0.006255127489566803,17
theta,NA,-0.08774041142260103,17
q13,1,0.0050087429117411375,18
q13,2,0.006211479310877621,18
q13,3,0.007091597304679453,18
q13,4,0.007619531999807805,18
q13,5,0.01070529269054532,18
q13,6,0.011054902104660869,18
q52,1,0.003005098376888782,18
q52,2,0.0018570319516584277,18
q52,3,0.0077008584048599005,18
q52,4,0.01026005088351667,18
theta,NA,-0.09004458750132471,18
q13,1,0.0056807303335517645,19
q13,2,0.006664991611614823,19
q13,3,0.007193123921751976,19
q13,4,0.007736048602964729,19
q13,5,0.011026438791304827,19
q13,6,0.011282079154625535,19
q52,1,0.003188046408467926,19
q52,2,0.0018591309199109674,19
q52,3,0.006439155782572925,19
q52,4,0.008378872415050864,19
theta,NA,-0.08971393082219947,19
q13,1,0.006399747217074037,20
q13,2,0.007192199642304331,20
q13,3,0.007562441634945571,20
q13,4,0.008100285427644849,20
q13,5,0.011722195893526077,20
q13,6,0.011941577773541212,20
q52,1,0.0032681255688657984,20
q52,2,0.002389313536696136,20
q52,3,0.005897561088204384,20
q52,4,0.007959733484312892,20
theta,NA,-0.08995051214515115,20
q13,1,0.003820195561274886,21
q13,2,0.004632242023944855,21
q13,3,0.004998525604605675,21
q13,4,0.006063827313482761,21
q13,5,0.009021507110446692,21
q13,6,0.009648822247982025,21
q52,1,0.002788330355542712,21
q52,2,0.002124605991411954,21
q52,3,0.005557639291509986,21
q52,4,0.007966083940118551,21
theta,NA,-0.08777219655894442,21
q13,1,0.003822284284979105,22
q13,2,0.004133927868679166,22
q13,3,0.0048384389374405146,22
q13,4,0.005158770829439163,22
q13,5,0.008130531758069992,22
q13,6,0.008514552609995008,22
q52,1,0.003160011605359614,22
q52,2,0.0021636278834193945,22
q52,3,0.0051884393324144185,22
q52,4,0.007210041396319866,22
theta,NA,-0.08663664563027851,22
q13,1,0.003771491115912795,23
q13,2,0.004065587534569204,23
q13,3,0.00498502457048744,23
q13,4,0.005107510951347649,23
q13,5,0.008925881003960967,23
q13,6,0.009438184089958668,23
q52,1,0.0028130727805546485,23
q52,2,0.0017222047899849713,23
q52,3,0.004871677083428949,23
q52,4,0.006838246248662472,23
theta,NA,-0.08675496342857514,23
q13,1,0.005382675910368562,24
q13,2,0.005917312577366829,24
q13,3,0.006842545699328184,24
q13,4,0.007121759059373289,24
q13,5,0.010278114583343267,24
q13,6,0.01090361550450325,24
q52,1,0.0012611695274244994,24
q52,2,8.455801871605217e-4,24
q52,3,0.004283287678845227,24
q52,4,0.00578334485180676,24
theta,NA,-0.08668275285890559,24
q13,1,0.0034085316583514214,25
q13,2,0.0040087560773827136,25
q13,3,0.004384971456602216,25
q13,4,0.004607679788023233,25
q13,5,0.008540138136595488,25
q13,6,0.00838459306396544,25
q52,1,0.005691298072633799,25
q52,2,0.003785526263527572,25
q52,3,0.008086776128038764,25
q52,4,0.010064354166388512,25
theta,NA,-0.08936620193526323,25
q13,1,0.004424265120178461,26
q13,2,0.0052024758188053966,26
q13,3,0.005523258820176125,26
q13,4,0.005749830510467291,26
q13,5,0.008355047670193017,26
q13,6,0.009215036174282432,26
q52,1,0.0014329679834190756,26
q52,2,9.74863360170275e-4,26
q52,3,0.003954700194299221,26
q52,4,0.0059290609788149595,26
theta,NA,-0.0848743516326067,26
q13,1,0.004461977863684297,27
q13,2,0.005653369647916406,27
q13,3,0.0067290301667526364,27
q13,4,0.007411106445943005,27
q13,5,0.009960130788385868,27
q13,6,0.009698201669380069,27
q52,1,0.002783404524961952,27
q52,2,0.0015895114629529417,27
q52,3,0.00527988001704216,27
q52,4,0.006986070889979601,27
theta,NA,-0.087947787673329,27
q13,1,0.003558256896212697,28
q13,2,0.004630787530913949,28
q13,3,0.005485569825395942,28
q13,4,0.006179751537274569,28
q13,5,0.00908811716362834,28
q13,6,0.009446105919778347,28
q52,1,0.003908029568265192,28
q52,2,0.002540432440582663,28
q52,3,0.007023165817372501,28
q52,4,0.008715795818716288,28
theta,NA,-0.08914532107155537,28
q13,1,0.0031178337521851063,29
q13,2,0.004124199564103037,29
q13,3,0.004472427652217448,29
q13,4,0.004901087610051036,29
q13,5,0.007881497964262962,29
q13,6,0.008070301031693816,29
q52,1,0.0022732167271897197,29
q52,2,0.0015959651791490614,29
q52,3,0.005599849973805249,29
q52,4,0.007762525230646133,29
theta,NA,-0.08518418176299747,29
q13,1,0.004060831619426608,30
q13,2,0.005525768094230443,30
q13,3,0.005728721618652344,30
q13,4,0.006055551115423441,30
q13,5,0.00945013458840549,30
q13,6,0.010191294830292463,30
q52,1,0.0030941112927393988,30
q52,2,0.001896962698083371,30
q52,3,0.005729296593926847,30
q52,4,0.008351285010576248,30
theta,NA,-0.0893426777811328,30
q13,1,0.004518919857218862,31
q13,2,0.0051221143221482635,31
q13,3,0.005687764030881226,31
q13,4,0.00658182380720973,31
q13,5,0.010096949990838766,31
q13,6,0.010313225211575627,31
q52,1,0.0035453286254778504,31
q52,2,0.002543431066442281,31
q52,3,0.006220794981345534,31
q52,4,0.008989285677671432,31
theta,NA,-0.08839180144423153,31
q13,1,0.0042258440516889095,32
q13,2,0.004899407154880464,32
q13,3,0.005225953180342913,32
q13,4,0.0054897465743124485,32
q13,5,0.008833303116261959,32
q13,6,0.009526561480015516,32
q52,1,0.0032765671785455197,32
q52,2,0.002255567058455199,32
q52,3,0.005851443856954575,32
q52,4,0.007221462670713663,32
theta,NA,-0.08848803937871708,32
q13,1,0.003922825213521719,33
q13,2,0.005150134675204754,33
q13,3,0.005808836780488491,33
q13,4,0.006394667841959745,33
q13,5,0.009150142315775156,33
q13,6,0.009689828148111701,33
q52,1,0.003794167445448693,33
q52,2,0.0025011501857079566,33
q52,3,0.0063627035124227405,33
q52,4,0.008583277463912964,33
theta,NA,-0.08858244054135866,33
q13,1,0.00444524921476841,34
q13,2,0.005936769652180374,34
q13,3,0.006957653968129307,34
q13,4,0.0071861285250633955,34
q13,5,0.009932579705491662,34
q13,6,0.010183765087276697,34
q52,1,0.0025171027082251385,34
q52,2,0.0015342909609898925,34
q52,3,0.005099520552903414,34
q52,4,0.00685640936717391,34
theta,NA,-0.08766291209758492,34
q13,1,0.003980652196332812,35
q13,2,0.004891753080300987,35
q13,3,0.0057132820365950465,35
q13,4,0.005942336865700781,35
q13,5,0.009612804744392633,35
q13,6,0.009738387074321508,35
q52,1,0.0024757198698353022,35
q52,2,0.001785406144335866,35
q52,3,0.00602282106410712,35
q52,4,0.008208867395296693,35
theta,NA,-0.08864298905791657,35
q13,1,0.005864117760211229,36
q13,2,0.0067601625341922045,36
q13,3,0.007253204355947673,36
q13,4,0.007405276992358267,36
q13,5,0.010482796933501959,36
q13,6,0.011066361796110868,36
q52,1,0.0033264014055021107,36
q52,2,0.0020906637073494494,36
q52,3,0.006438916898332536,36
q52,4,0.00803193706087768,36
theta,NA,-0.08965128809359157,36
q13,1,0.0057769096456468105,37
q13,2,0.006869504461064935,37
q13,3,0.006772380089387298,37
q13,4,0.006864159950055182,37
q13,5,0.010646890616044402,37
q13,6,0.011373317334800959,37
q52,1,0.0026038289070129395,37
q52,2,0.0017365243984386325,37
q52,3,0.005963461357168853,37
q52,4,0.007707049138844013,37
theta,NA,-0.0893297719740076,37
q13,1,0.005071558989584446,38
q13,2,0.005925656063482165,38
q13,3,0.006525409291498363,38
q13,4,0.006992541078943759,38
q13,5,0.010023011127486825,38
q13,6,0.010571894468739629,38
q52,1,0.0024922150623751804,38
q52,2,0.001586043683346361,38
q52,3,0.005516554112546146,38
q52,4,0.006670600967481732,38
theta,NA,-0.08865430045193534,38
q13,1,0.0059150876477360725,39
q13,2,0.0070595009019598365,39
q13,3,0.007309393724426627,39
q13,4,0.007397850276902318,39
q13,5,0.011495065176859498,39
q13,6,0.011754428967833519,39
q52,1,0.003330753985210322,39
q52,2,0.0018683311063796282,39
q52,3,0.007336406968533993,39
q52,4,0.00891568441875279,39
theta,NA,-0.09016249034175416,39
q13,1,0.0053463957738131285,40
q13,2,0.00607845454942435,40
q13,3,0.006381072802469134,40
q13,4,0.006645488436333835,40
q13,5,0.009980324422940612,40
q13,6,0.010476944036781788,40
q52,1,0.004495405228226446,40
q52,2,0.003321467956993729,40
q52,3,0.007359689800068736,40
q52,4,0.00950570683926344,40
theta,NA,-0.0913476756613818,40
q13,1,0.003045761724933982,41
q13,2,0.0032622622093185782,41
q13,3,0.0036676693707704544,41
q13,4,0.00397445831913501,41
q13,5,0.007674418389797211,41
q13,6,0.008047245442867279,41
q52,1,0.003336946159834042,41
q52,2,0.002351024770177901,41
q52,3,0.006297395098954439,41
q52,4,0.007550666341558099,41
theta,NA,-0.08613090435392223,41
q13,1,0.003464306704699993,42
q13,2,0.0036598254228010774,42
q13,3,0.004273954196833074,42
q13,4,0.0049392214277759194,42
q13,5,0.008263054070994258,42
q13,6,0.008793927961960435,42
q52,1,0.0028761664871126413,42
q52,2,0.0018394510261714458,42
q52,3,0.006170992506667972,42
q52,4,0.0075496763456612825,42
theta,NA,-0.08678818686166778,42
q13,1,0.006087998626753688,43
q13,2,0.007416737033054233,43
q13,3,0.007817697012796998,43
q13,4,0.008258005080278963,43
q13,5,0.011024938430637121,43
q13,6,0.01177345309406519,43
q52,1,0.002807205295539461,43
q52,2,0.0018631734419614077,43
q52,3,0.004557651001960039,43
q52,4,0.00658631999976933,43
theta,NA,-0.08978283111719065,43
q13,1,0.00396538176573813,44
q13,2,0.004903614928480238,44
q13,3,0.0050068197306245565,44
q13,4,0.0055820358684286475,44
q13,5,0.008708924287930131,44
q13,6,0.008651259588077664,44
q52,1,0.003165991700370796,44
q52,2,0.0022087106481194496,44
q52,3,0.005642919451929629,44
q52,4,0.00697443587705493,44
theta,NA,-0.08724230854932102,44
q13,1,0.0043772628996521235,45
q13,2,0.0052904486656188965,45
q13,3,0.005849936394952238,45
q13,4,0.006018320447765291,45
q13,5,0.009837965480983257,45
q13,6,0.010107695823535323,45
q52,1,0.0017764900112524629,45
q52,2,0.0011916491203010082,45
q52,3,0.003950209356844425,45
q52,4,0.005677274661138654,45
theta,NA,-0.08551685384736629,45
q13,1,0.006159123731777072,46
q13,2,0.007317838666494936,46
q13,3,0.007884791935794055,46
q13,4,0.00826057477388531,46
q13,5,0.011477040126919746,46
q13,6,0.011742188362404704,46
q52,1,0.003171408927300945,46
q52,2,0.0019903050852008164,46
q52,3,0.006897454033605754,46
q52,4,0.008666964713484049,46
theta,NA,-0.09067518908705097,46
q13,1,0.0041808332316577435,47
q13,2,0.005293349793646485,47
q13,3,0.00581795908510685,47
q13,4,0.0060526091838255525,47
q13,5,0.009627787163481116,47
q13,6,0.009828724898397923,47
q52,1,0.003883356213918887,47
q52,2,0.0025463305646553636,47
q52,3,0.007266933680512011,47
q52,4,0.009276576805859804,47
theta,NA,-0.08922039791968928,47
q13,1,0.0047647187020629644,48
q13,2,0.005507788504473865,48
q13,3,0.00559348682872951,48
q13,4,0.006141075631603599,48
q13,5,0.009702517418190837,48
q13,6,0.010029752505943179,48
q52,1,0.0030816280777798966,48
q52,2,0.0021297474741004407,48
q52,3,0.0058676996268332005,48
q52,4,0.009037732612341642,48
theta,NA,-0.08860776436631568,48
q13,1,0.0036847947631031275,49
q13,2,0.004278704640455544,49
q13,3,0.005341325653716922,49
q13,4,0.005894652160350233,49
q13,5,0.009063631063327193,49
q13,6,0.009500279789790511,49
q52,1,0.0027513282402651384,49
q52,2,0.0014974910882301629,49
q52,3,0.005466017872095108,49
q52,4,0.007585151819512248,49
theta,NA,-0.08669908249248692,49
q13,1,0.0038862666115164757,50
q13,2,0.004349055816419423,50
q13,3,0.003867190796881914,50
q13,4,0.004605686874128878,50
q13,5,0.008454619906842709,50
q13,6,0.008571764919906855,50
q52,1,0.0026813527510967106,50
q52,2,0.0016085671377368271,50
q52,3,0.004837120126467198,50
q52,4,0.006865133298560977,50
theta,NA,-0.08659035665550618,50
q13,1,0.003935924731194973,51
q13,2,0.004234618274495006,51
q13,3,0.005387442884966731,51
q13,4,0.005687006050720811,51
q13,5,0.00920933298766613,51
q13,6,0.009857561904937029,51
q52,1,0.0036288056726334617,51
q52,2,0.00219030148582533,51
q52,3,0.006106234155595303,51
q52,4,0.007985739735886455,51
theta,NA,-0.08889744128100574,51
q13,1,0.005359195638448,52
q13,2,0.006324287038296461,52
q13,3,0.007526484201662242,52
q13,4,0.007827618974260986,52
q13,5,0.011404249584302306,52
q13,6,0.011355013819411397,52
q52,1,0.0034888063528342173,52
q52,2,0.0018692436860874295,52
q52,3,0.0067203493090346456,52
q52,4,0.00873184623196721,52
theta,NA,-0.090523545664837,52
q13,1,0.005893407389521599,53
q13,2,0.006365903071127832,53
q13,3,0.0071710319025442,53
q13,4,0.007530905422754586,53
q13,5,0.011279766215011477,53
q13,6,0.01116218394599855,53
q52,1,0.0019634136115200818,53
q52,2,0.0014190919464454055,53
q52,3,0.004347050213254988,53
q52,4,0.0068701449781656265,53
theta,NA,-0.08815542854063096,53
q13,1,0.005412377184256911,54
q13,2,0.006285588722676039,54
q13,3,0.007218343671411276,54
q13,4,0.007757348474115133,54
q13,5,0.011612416710704565,54
q13,6,0.011404616758227348,54
q52,1,0.00404593424173072,54
q52,2,0.002769154729321599,54
q52,3,0.006993256392888725,54
q52,4,0.00856773741543293,54
theta,NA,-0.09087596071549342,54
q13,1,0.003832002403214574,55
q13,2,0.004500324372202158,55
q13,3,0.00556367717217654,55
q13,4,0.005742536915931851,55
q13,5,0.009235178586095572,55
q13,6,0.009632950881496072,55
q52,1,0.002987168940308038,55
q52,2,0.0018821876728907228,55
q52,3,0.005165777576621622,55
q52,4,0.006794418673962355,55
theta,NA,-0.08773854748142185,55
q13,1,0.004849720513448119,56
q13,2,0.005529521033167839,56
q13,3,0.006122788996435702,56
q13,4,0.006630090239923447,56
q13,5,0.009985502110794187,56
q13,6,0.010301938047632575,56
q52,1,0.0026171708159381524,56
q52,2,0.0014063650160096586,56
q52,3,0.004965847474522889,56
q52,4,0.007229119306430221,56
theta,NA,-0.08868600735149812,56
q13,1,0.004187040263786912,57
q13,2,0.004622860811650753,57
q13,3,0.005347989383153617,57
q13,4,0.005778126593213528,57
q13,5,0.00919590750709176,57
q13,6,0.00910908030346036,57
q52,1,0.0017803553928388283,57
q52,2,0.0011281939805485308,57
q52,3,0.004915166995488107,57
q52,4,0.006021299632266164,57
theta,NA,-0.08648742164950818,57
q13,1,0.004866359988227487,58
q13,2,0.0060573373339138925,58
q13,3,0.006777382688596845,58
q13,4,0.006987244763877243,58
q13,5,0.010483684483915567,58
q13,6,0.010556827764958143,58
q52,1,0.003200053302862216,58
q52,2,0.001925417804159224,58
q52,3,0.005408652825281024,58
q52,4,0.0071344864554703236,58
theta,NA,-0.08912956927088089,58
q13,1,0.003602368989959359,59
q13,2,0.004706816980615258,59
q13,3,0.0056034892331808805,59
q13,4,0.0056774114491418,59
q13,5,0.009410491213202477,59
q13,6,0.009670904837548733,59
q52,1,0.002658115030499175,59
q52,2,0.001657332992181182,59
q52,3,0.005188978277146816,59
q52,4,0.0067423980217427015,59
theta,NA,-0.08709690991508978,59
q13,1,0.0036606446374207735,60
q13,2,0.003870906657539308,60
q13,3,0.0044744438491761684,60
q13,4,0.004629048053175211,60
q13,5,0.008415281074121594,60
q13,6,0.00886133941821754,60
q52,1,0.002008920448133722,60
q52,2,0.001730571675579995,60
q52,3,0.005226071574725211,60
q52,4,0.0065654972568154335,60
theta,NA,-0.08531794307600649,60
q13,1,0.003254382871091366,61
q13,2,0.003999341744929552,61
q13,3,0.004320274922065437,61
q13,4,0.004863301233854145,61
q13,5,0.00800050818361342,61
q13,6,0.008423987543210387,61
q52,1,0.002543764654546976,61
q52,2,0.0013939633499830961,61
q52,3,0.005189328221604228,61
q52,4,0.007871518842875957,61
theta,NA,-0.08585255994694307,61
q13,1,0.003251786343753338,62
q13,2,0.0036128737265244126,62
q13,3,0.004650997230783105,62
q13,4,0.0056634071515873075,62
q13,5,0.008630380965769291,62
q13,6,0.008824518416076899,62
q52,1,0.0024892516375984997,62
q52,2,0.0013726187171414495,62
q52,3,0.005240912898443639,62
q52,4,0.007360769435763359,62
theta,NA,-0.08628612189932028,62
q13,1,0.005051913904026151,63
q13,2,0.0057801969815045595,63
q13,3,0.006293235463090241,63
q13,4,0.0064540100283920765,63
q13,5,0.009837741730734706,63
q13,6,0.010448697954416275,63
q52,1,0.002142253259080462,63
q52,2,0.0013855670113116503,63
q52,3,0.005203838925808668,63
q52,4,0.006193279288709164,63
theta,NA,-0.08696570538086235,63
q13,1,0.004737538984045386,64
q13,2,0.005648779799230397,64
q13,3,0.006504356279037893,64
q13,4,0.00697870017029345,64
q13,5,0.010827097576111555,64
q13,6,0.010593313025310636,64
q52,1,0.0034470988175598904,64
q52,2,0.0024376349174417555,64
q52,3,0.006085893837735057,64
q52,4,0.008837125496938825,64
theta,NA,-0.08925253332563443,64
q13,1,0.0036425141151994467,65
q13,2,0.004209640785120428,65
q13,3,0.004741607350297272,65
q13,4,0.005098999245092273,65
q13,5,0.009078571340069175,65
q13,6,0.009370558429509401,65
q52,1,0.002407133419183083,65
q52,2,0.0015681855147704482,65
q52,3,0.0050080628134310246,65
q52,4,0.0073843582067638636,65
theta,NA,-0.08670741641162749,65
q13,1,0.003947892924770713,66
q13,2,0.004665646585635841,66
q13,3,0.005712161655537784,66
q13,4,0.005752301367465407,66
q13,5,0.008865632815286517,66
q13,6,0.009268058463931084,66
q52,1,0.003609648822020972,66
q52,2,0.002021712076384574,66
q52,3,0.0059111518785357475,66
q52,4,0.008005060721188784,66
theta,NA,-0.08799874652322615,66
q13,1,0.0037238372024148703,67
q13,2,0.004404918756335974,67
q13,3,0.005172631237655878,67
q13,4,0.005768731818534434,67
q13,5,0.009413472609594464,67
q13,6,0.009824738372117281,67
q52,1,0.0026798742765095085,67
q52,2,0.0015697387279942632,67
q52,3,0.006026090472005308,67
q52,4,0.00814029248431325,67
theta,NA,-0.08805563531450389,67
q13,1,0.005601236596703529,68
q13,2,0.006484581856057048,68
q13,3,0.007559384219348431,68
q13,4,0.007968551595695317,68
q13,5,0.010877307504415512,68
q13,6,0.011181970592588186,68
q52,1,0.002462306343659293,68
q52,2,0.0014123385190032423,68
q52,3,0.003968769509810954,68
q52,4,0.006304875016212463,68
theta,NA,-0.08800551530293887,68
q13,1,0.0051358845084905624,69
q13,2,0.00610981258796528,69
q13,3,0.006300080218352377,69
q13,4,0.00670311925932765,69
q13,5,0.010045449947938323,69
q13,6,0.010438991943374276,69
q52,1,0.003601252436055802,69
q52,2,0.0022062918869778514,69
q52,3,0.0061523758340626955,69
q52,4,0.008127870038151741,69
theta,NA,-0.08830269168538507,69
q13,1,0.0031330392230302095,70
q13,2,0.003501503844745457,70
q13,3,0.004325623973272741,70
q13,4,0.004674559226259589,70
q13,5,0.00787268322892487,70
q13,6,0.00775201222859323,70
q52,1,0.0024198611645260826,70
q52,2,0.0017062539118342102,70
q52,3,0.005711154197342694,70
q52,4,0.007237125653773546,70
theta,NA,-0.08396360658662161,70
q13,1,0.0033616258297115564,71
q13,2,0.004400618141517043,71
q13,3,0.004989134962670505,71
q13,4,0.005671889171935618,71
q13,5,0.008655038429424167,71
q13,6,0.009224167792126536,71
q52,1,0.003506092427414842,71
q52,2,0.0024604867212474346,71
q52,3,0.005289262917358428,71
q52,4,0.007799121318385005,71
theta,NA,-0.08779071283788653,71
q13,1,0.005576239433139563,72
q13,2,0.006927562353666872,72
q13,3,0.008053310681134462,72
q13,4,0.008421272272244096,72
q13,5,0.010880589252337813,72
q13,6,0.011480250861495733,72
q52,1,0.0034559733903734013,72
q52,2,0.002591889235191047,72
q52,3,0.006864039343781769,72
q52,4,0.008222418371587992,72
theta,NA,-0.09028855855103757,72
q13,1,0.005087269702926278,73
q13,2,0.006084823398850858,73
q13,3,0.006592296063899994,73
q13,4,0.006990886700805277,73
q13,5,0.010277635650709271,73
q13,6,0.010594684397801757,73
q52,1,0.0027092839300166816,73
q52,2,0.0016587987774983048,73
q52,3,0.005681909038685262,73
q52,4,0.008011003723368049,73
theta,NA,-0.08941584909916855,73
q13,1,0.003791450522840023,74
q13,2,0.003947637334931642,74
q13,3,0.004376317374408245,74
q13,4,0.005054354318417609,74
q13,5,0.007960885297507048,74
q13,6,0.00819186377339065,74
q52,1,0.0028636139613809064,74
q52,2,0.0018393712816759944,74
q52,3,0.005122809612657875,74
q52,4,0.008197515970095992,74
theta,NA,-0.08533932107820874,74
q13,1,0.0060967509634792805,75
q13,2,0.0071845618658699095,75
q13,3,0.00753242033533752,75
q13,4,0.007568770088255405,75
q13,5,0.01124521647579968,75
q13,6,0.011171548627316952,75
q52,1,0.0030365260754479095,75
q52,2,0.0022000277531333268,75
q52,3,0.0059690914349630475,75
q52,4,0.007857896154746413,75
theta,NA,-0.08897499341037474,75
q13,1,0.004267270443961024,76
q13,2,0.004500321461819112,76
q13,3,0.004883275716565549,76
q13,4,0.005350007151719183,76
q13,5,0.0074907459784299135,76
q13,6,0.008117639226838946,76
q52,1,0.0036500454880297184,76
q52,2,0.002112924586981535,76
q52,3,0.006168912630528212,76
q52,4,0.008396719815209508,76
theta,NA,-0.08710057608914212,76
q13,1,0.004895905964076519,77
q13,2,0.005503860418684781,77
q13,3,0.006811418628785759,77
q13,4,0.006948637601453811,77
q13,5,0.00995333562605083,77
q13,6,0.01018667034804821,77
q52,1,0.003443730092840269,77
q52,2,0.0020327786915004253,77
q52,3,0.0066257648868486285,77
q52,4,0.008781942538917065,77
theta,NA,-0.08912707006629716,77
q13,1,0.0030069109052419662,78
q13,2,0.0035835469607263803,78
q13,3,0.004363091895356774,78
q13,4,0.004229424404911697,78
q13,5,0.00811091810464859,78
q13,6,0.008141878060996532,78
q52,1,0.003069160840823315,78
q52,2,0.002092588576488197,78
q52,3,0.005245970096439123,78
q52,4,0.007261095102876425,78
theta,NA,-0.08551096211886033,78
q13,1,0.0066203533206135035,79
q13,2,0.007260324258822948,79
q13,3,0.0083088509272784,79
q13,4,0.008626520575489849,79
q13,5,0.011362723540514708,79
q13,6,0.011379121337085962,79
q52,1,0.0023481849930249155,79
q52,2,0.001680165238212794,79
q52,3,0.003967405820731074,79
q52,4,0.006550163729116321,79
theta,NA,-0.08760164699197048,79
q13,1,0.005214519798755646,80
q13,2,0.006188539206050336,80
q13,3,0.006521464325487614,80
q13,4,0.006509635131806135,80
q13,5,0.01046651299111545,80
q13,6,0.01047630375251174,80
q52,1,0.0026051600871142,80
q52,2,0.0019652160117402673,80
q52,3,0.007025693426840007,80
q52,4,0.00877415481954813,80
theta,NA,-0.08846655094384914,80
q13,1,0.003321208991110325,81
q13,2,0.0031737005338072777,81
q13,3,0.0036532327067106962,81
q13,4,0.004200843977741897,81
q13,5,0.00770487985573709,81
q13,6,0.008469338528811932,81
q52,1,0.0036423945530259516,81
q52,2,0.002376201329752803,81
q52,3,0.006329699652269483,81
q52,4,0.007147770607843995,81
theta,NA,-0.08633611926052254,81
q13,1,0.00411799387075007,82
q13,2,0.00497209862805903,82
q13,3,0.005783108528703451,82
q13,4,0.005983886192552745,82
q13,5,0.009765582159161568,82
q13,6,0.010338396299630404,82
q52,1,0.003948387369746342,82
q52,2,0.0029850941500626504,82
q52,3,0.0072451665764674544,82
q52,4,0.008888302370905876,82
theta,NA,-0.08908614292704442,82
q13,1,0.005383183481171727,83
q13,2,0.006177898379974067,83
q13,3,0.0065010873368009925,83
q13,4,0.006945308647118509,83
q13,5,0.010649614036083221,83
q13,6,0.010986455483362079,83
q52,1,0.003213134972611442,83
q52,2,0.0023447168059647083,83
q52,3,0.006686861626803875,83
q52,4,0.008008976466953754,83
theta,NA,-0.08937967150268378,83
q13,1,0.004344427026808262,84
q13,2,0.005240024882368743,84
q13,3,0.0058491023955866694,84
q13,4,0.006200347444973886,84
q13,5,0.010436665499582887,84
q13,6,0.010468240594491363,84
q52,1,0.003016053175088018,84
q52,2,0.0021224752999842167,84
q52,3,0.004913356911856681,84
q52,4,0.007912526605650783,84
theta,NA,-0.08930803267458032,84
q13,1,0.0040185663383454084,85
q13,2,0.0046311113983392715,85
q13,3,0.005861449637450278,85
q13,4,0.00607639824738726,85
q13,5,0.009185783099383116,85
q13,6,0.010134071111679077,85
q52,1,0.0040183561213780195,85
q52,2,0.002318469516467303,85
q52,3,0.006399301928468049,85
q52,4,0.007808576337993145,85
theta,NA,-0.08945404609221441,85
q13,1,0.004749277839437127,86
q13,2,0.0054507695022039115,86
q13,3,0.005823468905873597,86
q13,4,0.006153635215014219,86
q13,5,0.009436486521735787,86
q13,6,0.010180897079408169,86
q52,1,0.0028077795868739486,86
q52,2,0.0017004034016281366,86
q52,3,0.006171299144625664,86
q52,4,0.007943302625790238,86
theta,NA,-0.08836622327999066,86
q13,1,0.0039560371078550816,87
q13,2,0.004343452164903283,87
q13,3,0.005376450368203223,87
q13,4,0.005753483157604933,87
q13,5,0.008990112924948335,87
q13,6,0.009371580556035042,87
q52,1,0.002393424103502184,87
q52,2,0.0011922676349058747,87
q52,3,0.004816886154003441,87
q52,4,0.00760619854554534,87
theta,NA,-0.08701869379365235,87
q13,1,0.005111951380968094,88
q13,2,0.005831016111187637,88
q13,3,0.006465584388934076,88
q13,4,0.006662446423433721,88
q13,5,0.010183409554883838,88
q13,6,0.010289122350513935,88
q52,1,0.001786331704352051,88
q52,2,0.0014332857099361718,88
q52,3,0.005170830059796572,88
q52,4,0.006757927360013127,88
theta,NA,-0.08601950490265153,88
q13,1,0.004036142025142908,89
q13,2,0.004644390079192817,89
q13,3,0.005721323424950242,89
q13,4,0.006264507363084704,89
q13,5,0.008883019676432014,89
q13,6,0.009451414924114943,89
q52,1,0.002354464610107243,89
q52,2,0.001669730234425515,89
q52,3,0.004785737721249461,89
q52,4,0.0067972715478390455,89
theta,NA,-0.08584408522796139,89
q13,1,0.003792144125327468,90
q13,2,0.004490541061386466,90
q13,3,0.005127236247062683,90
q13,4,0.005710790865123272,90
q13,5,0.009336540475487709,90
q13,6,0.009280119324102998,90
q52,1,0.004022706692921929,90
q52,2,0.002442086290102452,90
q52,3,0.006404698477126658,90
q52,4,0.008669998496770859,90
theta,NA,-0.08888724144208027,90
q13,1,0.004394724499434233,91
q13,2,0.005103575938846916,91
q13,3,0.005519033060409129,91
q13,4,0.00614956917706877,91
q13,5,0.009159132139757276,91
q13,6,0.009461178677156568,91
q52,1,0.004743129555208725,91
q52,2,0.003333309607114643,91
q52,3,0.006682625389657915,91
q52,4,0.007778180297464132,91
theta,NA,-0.08975467672280502,91
q13,1,0.003469754010438919,92
q13,2,0.0045735344756394625,92
q13,3,0.005697478540241718,92
q13,4,0.005962353374343365,92
q13,5,0.009181512985378504,92
q13,6,0.009449843317270279,92
q52,1,0.0024422524875262752,92
q52,2,0.0014902790426276624,92
q52,3,0.005574686801992357,92
q52,4,0.007548186229541898,92
theta,NA,-0.08717228490422713,92
q13,1,0.0038007835391908884,93
q13,2,0.004500647075474262,93
q13,3,0.0053295629331842065,93
q13,4,0.005751578777562827,93
q13,5,0.00922251446172595,93
q13,6,0.009608879685401917,93
q52,1,0.0030317493219627067,93
q52,2,0.0019650037866085768,93
q52,3,0.005536477663554251,93
q52,4,0.007608393672853708,93
theta,NA,-0.08768873717781389,93
q13,1,0.0038222691509872675,94
q13,2,0.004129463690333068,94
q13,3,0.005017238319851458,94
q13,4,0.005404437950346619,94
q13,5,0.007732291822321713,94
q13,6,0.008864360395818949,94
q52,1,0.0036402369005372748,94
q52,2,0.002467239450197667,94
q52,3,0.005862887250259519,94
q52,4,0.008833947591483593,94
theta,NA,-0.08818674290523631,94
q13,1,0.00498760980553925,95
q13,2,0.006039373227395117,95
q13,3,0.006879910943098366,95
q13,4,0.0074677919037640095,95
q13,5,0.011300738900899887,95
q13,6,0.011035398812964559,95
q52,1,0.0029272705942275934,95
q52,2,0.0015302406391128898,95
q52,3,0.005270606721751392,95
q52,4,0.007449928671121597,95
theta,NA,-0.0899805813387502,95
q13,1,0.004666408523917198,96
q13,2,0.005591982277110219,96
q13,3,0.005840152851305902,96
q13,4,0.0061732359463348985,96
q13,5,0.009522623149678111,96
q13,6,0.009929054416716099,96
q52,1,0.002551522440626286,96
q52,2,0.0016495136078447104,96
q52,3,0.005004938924685121,96
q52,4,0.007587898522615433,96
theta,NA,-0.08696557514485903,96
q13,1,0.00432508229278028,97
q13,2,0.004681052058003843,97
q13,3,0.0058731811586767435,97
q13,4,0.006165625469293445,97
q13,5,0.009228157112374902,97
q13,6,0.00971061666496098,97
q52,1,0.0026213617820758373,97
q52,2,0.0018709449213929474,97
q52,3,0.005107993260025978,97
q52,4,0.007873493479564786,97
theta,NA,-0.08726795288384892,97
q13,1,0.006016208557412028,98
q13,2,0.006402574363164604,98
q13,3,0.007262136321514845,98
q13,4,0.007813872245606035,98
q13,5,0.010853053303435445,98
q13,6,0.011415984714403749,98
q52,1,0.0025353179808007553,98
q52,2,0.0016324679600074887,98
q52,3,0.006188244908116758,98
q52,4,0.008199501316994429,98
theta,NA,-0.08731432650165516,98
q13,1,0.004902875516563654,99
q13,2,0.005485345842316747,99
q13,3,0.006143169943243265,99
q13,4,0.006583478883840144,99
q13,5,0.010208391351625323,99
q13,6,0.01061483402736485,99
q52,1,0.0023727065563434735,99
q52,2,0.0017555325175635517,99
q52,3,0.004894978948868811,99
q52,4,0.007184943417087197,99
theta,NA,-0.08770969236502424,99
q13,1,0.004054938443005085,100
q13,2,0.004299182444810867,100
q13,3,0.004806455573998392,100
q13,4,0.004701316589489579,100
q13,5,0.008882572641596198,100
q13,6,0.00918432860635221,100
q52,1,0.0026728759839897975,100
q52,2,0.0016738229896873236,100
q52,3,0.0065444218926131725,100
q52,4,0.007630480220541358,100
theta,NA,-0.0875885470668436,100
