Epoch,Iteration,nu,p,r,beta,eta,tau,error
0,37,1.500634877232369,0.05805220142092439,0.054522179837455054,0.5230032434675377,0.08070584961853455,0.05129868522053585,0.42783765189058875
0,29,1.4549914821982384,0.017617009631718975,0.05849419743829641,0.44270340595510793,0.03585239783977159,0.04874441801279318,1.0950980634063532
0,35,1.5912126056966371,0.021947049563238397,0.04669618842558703,0.6874717558443081,0.046564580629346895,0.07570862776075955,1.658332608188197
30,70,1.3023767724904853,0.029085253888169838,0.036423524387355424,0.5628309082052309,0.04735941397925167,0.04313018759335305,1.9072781440794608
0,10,1.9271380435326138,0.009923960241541498,0.09576123118004762,0.8939059758023359,0.04137679050385487,0.058939036055817275,2.005069633463739
0,17,0.8682781149516814,0.03498725920753786,0.028462467234290675,0.4546382133534644,0.04435125191870612,0.04003711888624821,2.140041844076178
0,40,0.4225263564381748,0.04974135710434639,0.0493151804850204,0.6608393671945669,0.08834512675821315,0.06090300894458778,2.242211010087498
0,22,1.3892477318644523,0.028369596173398896,0.061039218365622226,0.9497173035948071,0.0856692088599084,0.08803722148295492,2.432619280669058
0,6,0.4896302729845047,0.0444161837381951,0.07163245048170211,0.4738459754502401,0.05524939392460511,0.06519572932331356,2.4434149934762686
0,31,0.7256785348872654,0.03645414773373632,0.02315783365746029,0.808131178607,0.09601588672434447,0.0343961954920087,2.5189676254613644
0,2,1.34681014851667,0.00555722714040894,0.0922900760776247,0.9322344465134665,0.06081261628074572,0.03170871227455791,2.5388628660371664
0,34,0.5207222144352273,0.05516848959983326,0.06982828000019072,0.4828814504528418,0.0828301565401489,0.022614278113469485,2.5602871448322473
0,3,0.3738944685901515,0.04886696290923282,0.09466378881625133,0.9743835829233285,0.07207945656147785,0.07111892532440833,2.7239118031996465
27,67,0,0.03708913792335868,0.1,1,0.1,0.05482043940301984,2.788681328755354
38,78,0,0.0557622991500222,0.020631487636872607,1,0.1,0.1,2.838119749207561
0,36,1.0808999105123802,0.04606347270325059,0.08058455491234781,0.6476595838088542,0.07527491617540363,0.08362195062858518,2.853206431937174
3,43,2,0.06,0.01,0.4,0.1,0.1,2.859098090189971
35,75,2,0.02583623521129013,0.09682941420447333,0.5547769873571872,0.03234638481027379,0.1,2.881398707778559
39,79,2,0.05280860374723084,0.1,0.4,0,0.1,2.9379785580548887
0,33,0.5971470659365877,0.03370097378983045,0.03613759857701371,0.851145086804172,0.09828020646702498,0.09452226922090631,2.942728644344153
34,74,1.5226509170412708,0.015026174362016951,0.06581011273966093,0.7227431199067117,0.023580914884870356,0.041917945317066,3.0197972057425133
0,24,0.999954788479954,0.02099801272972254,0.07634861888072919,0.5960791473847349,0.02779143722902518,0.09615008140099235,3.087090114587032
0,9,0.09111601802287624,0.008740015553170815,0.06509820583049442,0.5769698170188349,0.026916580463876016,0.038470611011143775,3.1779246805270622
14,54,0,0.06,0.01,0.4,0.1,0.07015511494009402,3.586892573201042
32,72,0.20843674450824468,0.02922264719635971,0.07459428965908632,0.4,0.07039873308039818,0.00548587806400974,3.609268785550298
0,39,0.61754697636934,0.02320695692547015,0.0436221193553065,0.6288444050366524,0.06721435017941986,0.085195928629837,3.632345689263656
40,80,2,0.04092922445996723,0.043042438381775364,0.4,0.1,0,3.643399432532882
0,12,0.29558331657899545,0.011598078292346325,0.0379000874083722,0.7070284995238763,0.05293234901328106,0.008505958848982118,3.6731854843645606
25,65,2,0.03370551492012951,0.1,0.4,0.1,0.0712103789888897,3.871897305587721
0,1,1.1601461453479716,0.015784937180933774,0.05618999346473721,0.6827962608600502,0.06882261157850736,0.006303581584943459,3.8834652325056513
0,32,0.18098907865351066,0.037954383761336793,0.05259204793185927,0.7429981733916793,0.0301386095979251,0.09901547688583379,3.8990704451079914
0,5,0.1349924631882459,0.04228190332863014,0.013533255520800595,0.5835694448265712,0.051252061995328405,0.09127243242168334,3.9361890511172577
0,26,0.9471913312096149,0.029719460308662383,0.03470542597089662,0.8323115117033013,0.04848913153458853,0.04358790087280795,4.0792313957587565
10,50,0,0.06,0.021997850829676025,0.4,0,0.1,4.220683549825757
0,8,1.954234032041859,0.0044433299177209845,0.09833384081843542,0.5511234208242968,0.03387750409019646,0.056345508527592764,4.3021796032308215
28,68,2,0.025623923331952424,0.01,0.4,0.1,0.1,4.480207441790174
37,77,0,0.047326620402373946,0.01,0.4,0.1,0,4.665491480363828
0,23,1.2772307916078716,0.0026226267652469685,0.06658769100764766,0.8362509178137407,0.05896747074555606,0.06373843852896244,4.996485637697094
0,27,1.621178268454969,0.007650506488315296,0.07924467696651119,0.5125233464641497,0.07996887156798038,0.05443624506006017,5.086637397743325
13,53,0,0.06,0.05533839332175306,0.4,0.1,0.1,5.145046647887517
0,38,0.005723549227695912,0.014012085202999878,0.031174576403631367,0.41602462949580515,0.07296782902616543,0.07953756003873423,5.153886049913358
9,49,0,0.06,0.0637098412519043,1,0,0.1,5.497250032748921
21,61,1.1479942646874624,0.01372410979296642,0.01,0.4,0.1,0.1,5.6220285281016364
0,25,0.7527644127607346,0.04334333232100471,0.024546584983472716,0.7645942352793644,0.012115703359595501,0.07466590158001055,6.07727364291866
18,58,2,0.0065062971689937256,0.1,0.4,0.1,0.07412500020684658,6.333600209901274
0,15,1.0387361770961434,0.025371051947918024,0.039526260605081916,0.9958987871091812,0.0064072972931899135,0.06837366045103409,7.04983468408724
0,28,0.8142686472390779,0.0016807276972162072,0.06346810079721037,0.542063059923239,0.09327681603259408,0.08243190039705951,7.165370134720289
31,71,0.6037012960475534,0.004651150485472624,0.05935436557022202,0.4,0.1,0.1,7.205260565755934
7,47,2,0.06,0.1,1,0,0.1,7.745338284661641
16,56,0,0.01443103836498599,0.1,0.4,0,0.02200300449287294,9.25339697498497
15,55,0,0.021356249210873958,0.1,0.4,0.03697325356924175,0,9.348053923496801
0,13,0.3439872746123001,0.0560779811562621,0.0875092029175139,0.8013825780816841,0.09070648936263752,0.022037349370657468,12.109255339837118
0,30,1.8318983645527624,0.03329281313061365,0.02774933558510384,0.7185719506279565,0.012843009696807711,0.045178044974454684,12.151558496904697
0,7,1.6685279816621914,0.031647170690889466,0.08617566139920382,0.9103625950054266,0.06416053065739107,0.028442956627113748,12.690144810394717
22,62,1.9999999999999998,0.06,0.01,1,0.1,0.1,12.805977518919907
0,20,1.4480946537107229,0.047433195311721646,0.07516468133631861,0.4964226427732501,0.0226579652359942,0.036890157628804446,14.193965543816564
20,60,0,0.04214964608300365,0.1,1,0.1,0.00706968356195816,19.75763813511049
0,21,0.21358016273006797,0.026914489905384833,0.015708978144335563,0.8978029999125283,0.039826246247976094,0.013909288065042347,20.78290080401107
17,57,2,0.06,0.07120286706979888,1,0,0.07155606454593437,21.00543968978983
8,48,0,0.06,0.01,1,0.1,0,23.771191562647015
4,44,2,0.06,0.1,0.4,0.05147532197004491,0,28.515277163501533
23,63,2,0.01542685189361842,0.01,1,0.06670079995050081,0.01973387590975223,29.583277080182533
11,51,1.3892080964867668,0.016334998573065543,0.1,0.4,0,0,35.67644270841816
0,14,0.6980863981298171,0.05914618210372864,0.08952331374696224,0.4005351972091012,0.017692443049745637,0.010950378733687103,65.69570972176861
36,76,2,0.03538526074926338,0.06817044174825283,1,0.1,0,86.91386838988714
0,4,1.755535075312946,0.04080838776276214,0.08221217958541821,0.7551185916410759,5.380682996474207e-5,0.025742627801373603,127.67132910145023
0,19,1.8877521294401958,0.019412390489212703,0.019603833189292347,0.9668787204101682,0.0031476952822413295,0.019035670035518707,130.80327717593505
2,42,2,0.06,0.01,1,0,0.1,133.1443047718196
0,11,1.2345365833491087,0.014992626346711769,0.0104548230318469,0.7864791267341934,0.021535936734289864,0.0015955119946738706,141.47988411444555
0,16,1.7160649975412525,0.052186476232524724,0.017946342290670145,0.8696641294343863,0.01701812062994577,0.01741305831936188,254.39267792819686
26,66,0,0.06,0.01,1,0,0.03626041154317205,296.324670890631
0,18,1.1052451302297412,0.05349042093355092,0.0453752790199942,0.6179133987089154,0.009932974912226201,0.0030960915400646627,646.0854798198845
19,59,2,0.03487424864778745,0.01,0.4,0,0,1369.2775243971091
1,41,0,0.001,0.01,0.4000000000000001,0.1,0,1000000
5,45,2,0.001,0.01,0.4,0,0.1,1000000
6,46,0,0.001,0.1,0.882761218531674,0.1,0.1,1000000
12,52,2,0.001,0.0882639913061728,1,0,0,1000000
24,64,0.916615364597505,0.001,0.1,0.4,0.06447086090500263,0.1,1000000
29,69,0,0.001,0.01,0.4,0.1,0.07325475839871846,1000000
33,73,1.483681056819819,0.001,0.01,1,0.04444298023957116,0.1,1000000
